epoch,split,total_loss,task_loss_pathmnist,task_loss_dermamnist,task_loss_bloodmnist,task_loss_octmnist,pathmnist_accuracy,pathmnist_f1_macro,pathmnist_loss,dermamnist_accuracy,dermamnist_f1_macro,dermamnist_loss,bloodmnist_accuracy,bloodmnist_f1_macro,bloodmnist_loss,octmnist_accuracy,octmnist_f1_macro,octmnist_loss,avg_f1_macro
0,train,6.507833145984053,1.8042911964078103,1.786535081585347,1.5343213653741936,1.3838141655212004,0.366779595392508,0.3490030336946927,1.8042911964078103,0.32019924025118224,0.31029982165198405,1.786535081585347,0.4701540624450823,0.4576521801253873,1.5343213653741936,0.3069093152375077,0.3043773448762282,1.3838141655212004,0.35533309508707306
0,val,1.444472109494002,1.5428796648979186,1.5168822407722473,1.1891359463334084,1.2939552318218142,0.4946021591363455,0.47925075023655456,1.5428796648979186,0.4935194416749751,0.3033560944042562,1.5168822407722473,0.615070093457944,0.5733750911203609,1.1891359463334084,0.4657496307237814,0.3521015124992678,1.2939552318218142,0.4270208620651098
1,train,5.8764602149982315,1.6404630992903604,1.642649132767623,1.2576907742999623,1.339473323993588,0.4470583653040955,0.42989283981670806,1.6404630992903604,0.4014882788402221,0.39436301755071446,1.642649132767623,0.6285463927563042,0.6216418101190236,1.2576907742999623,0.35678129829984545,0.3550276067336274,1.339473323993588,0.45023131855501836
1,val,1.3632155604984448,1.4585848242044448,1.364186942577362,0.9756694734096527,1.2541064356648646,0.5262894842063175,0.5097158870400269,1.4585848242044448,0.5692921236291126,0.37504839136357787,1.364186942577362,0.7406542056074766,0.712753745626216,0.9756694734096527,0.4787666174298375,0.40883680271195444,1.2541064356648646,0.5015887066854439
2,train,5.542772410821087,1.5708029316021845,1.5658122478584497,1.1211816920683935,1.2925638765022713,0.4839054334945704,0.46588588000441156,1.5708029316021845,0.44033232628398794,0.43394613046426855,1.5658122478584497,0.7034933147847593,0.6999955661394774,1.1211816920683935,0.40501680688596575,0.40203454161361263,1.2925638765022713,0.5004655295554425
2,val,1.2956673477006995,1.4137549459934236,1.3134094774723053,0.8696997687220573,1.1778642687686653,0.5532786885245902,0.5356020942942784,1.4137549459934236,0.6011964107676969,0.3884737526425663,1.3134094774723053,0.8060747663551402,0.7835913426598924,0.8696997687220573,0.5422821270310192,0.45731944046562195,1.1778642687686653,0.5412466575155898
3,train,5.312119691602645,1.5228713688720248,1.5183197098689398,1.0379203316887318,1.2455048527078652,0.5086091429680676,0.49422499387850116,1.5228713688720248,0.4682946651444494,0.46502708749401617,1.5183197098689398,0.7471124031007752,0.74407873118316,1.0379203316887318,0.447149897171239,0.4429664681914749,1.2455048527078652,0.5365743201867881
3,val,1.2738539168368215,1.3487045019865036,1.171564668416977,0.8297215104103088,1.2153207035951836,0.6033586565373851,0.593435789839274,1.3487045019865036,0.6660019940179461,0.43599129852206614,1.171564668416977,0.8247663551401869,0.8058011086190355,0.8297215104103088,0.452178729689808,0.42987765148743107,1.2153207035951836,0.5662764621169517
4,train,5.111160263530078,1.4723243265234802,1.4704350978505818,0.9759453805741246,1.2108478569806953,0.5302039621352591,0.5178627128936335,1.4723243265234802,0.4927199953593596,0.49105969519657977,1.4704350978505818,0.7793505893228565,0.7766779704646761,0.9759453805741246,0.473416245627672,0.47085469072789804,1.2108478569806953,0.5641137673206968
4,val,1.190918351645055,1.3145371824502945,1.2601407766342163,0.8153790682554245,1.0667018363642138,0.6153538584566174,0.6096344455871223,1.3145371824502945,0.646061814556331,0.39584054607862074,1.2601407766342163,0.8271028037383178,0.8099440931902223,0.8153790682554245,0.6300775480059084,0.5092108883470312,1.0667018363642138,0.5811574933007491
5,train,4.9293563632160495,1.4220404525844395,1.4248280442382206,0.9320222618562116,1.1754035682003787,0.5551116654324356,0.5452147323525864,1.4220404525844395,0.5175793735350522,0.5159398243234922,1.4248280442382206,0.7998609340595666,0.7981333831672356,0.9320222618562116,0.5022566585956416,0.499686202372064,1.1754035682003787,0.5897435355538446
5,val,1.1883134822482648,1.299624538421631,1.2921427488327026,0.7830488905310631,1.0821313248124234,0.6199520191923231,0.61243382587199,1.299624538421631,0.5543369890329013,0.39423524993536946,1.2921427488327026,0.8440420560747663,0.8276440289881586,0.7830488905310631,0.5537296898079763,0.5085367637734268,1.0821313248124234,0.5857124671422362
6,train,4.749222913391833,1.3672636185331322,1.366066122321278,0.8927229335231166,1.1549887863489299,0.582617630522867,0.5720685574147095,1.3672636185331322,0.5469049138481175,0.5443996573407422,1.366066122321278,0.8209858581155793,0.8190829123982002,0.8927229335231166,0.5148266822021555,0.5128638377446071,1.1549887863489299,0.6121037412245648
6,val,1.1345943031103716,1.2595981746912002,1.2005473971366882,0.730705238878727,1.0258655437203341,0.63984406237505,0.6295021552810378,1.2595981746912002,0.6061814556331007,0.40794859308738013,1.2005473971366882,0.8808411214953271,0.8678448237864064,0.730705238878727,0.609582717872969,0.5397272417260797,1.0258655437203341,0.611255703470226
7,train,4.591525038181996,1.3356098506054275,1.314748425193815,0.8529280347208823,1.1270876992724965,0.6010779067745862,0.5953182252822815,1.3356098506054275,0.5769894683760353,0.5746923127232152,1.314748425193815,0.8398759329262383,0.8383523772183714,0.8529280347208823,0.5362761302868255,0.5345365257552511,1.1270876992724965,0.6357248602447798
7,val,1.0844810559697773,1.1801674216985703,1.199833244085312,0.7330628708004951,0.9951377178347388,0.6865253898440624,0.6792844406294335,1.1801674216985703,0.634097706879362,0.4088239476977093,1.199833244085312,0.884929906542056,0.8710715237274343,0.7330628708004951,0.6644202363367799,0.5610505083480358,0.9951377178347388,0.6300576051006532
8,train,4.455530313640907,1.2976114672999228,1.2773288055773704,0.824322815050854,1.1022310122366874,0.6203923384063422,0.6153886939883719,1.2976114672999228,0.5944828667149938,0.591890302872068,1.2773288055773704,0.8524815022313236,0.8515811871283252,0.824322815050854,0.5544313103368221,0.5521450991947883,1.1022310122366874,0.6527513207958884
8,val,1.0858760430761005,1.1293005168437957,1.2660067975521088,0.6935146823525429,1.0515515734983045,0.7079168332666933,0.7029976404739342,1.1293005168437957,0.576271186440678,0.3978333988253187,1.2660067975521088,0.9088785046728972,0.8972764590402541,0.6935146823525429,0.5810561299852289,0.5358857649662425,1.0515515734983045,0.6334983158264373
9,train,4.326968347168442,1.2616019166876602,1.2376896618465631,0.7997680673971957,1.081146558889976,0.6378794356562634,0.6314653438910559,1.2616019166876602,0.616085154410477,0.6129085882994245,1.2376896618465631,0.8663271431614414,0.8651447677110687,0.7997680673971957,0.5695880265391143,0.5681662559699714,1.081146558889976,0.6694212389678802
9,val,1.0155026951561803,1.1252754479646683,1.1794019043445587,0.7056503146886826,0.9120103051496107,0.7087165133946421,0.7015437714975393,1.1252754479646683,0.6221335992023929,0.4299727405230059,1.1794019043445587,0.9036214953271028,0.8934349561427848,0.7056503146886826,0.6902695716395865,0.6043612151249703,0.9120103051496107,0.6573281708220751
10,train,4.212370961238965,1.2222351635951854,1.2025630070317177,0.7896399697654005,1.05907503975828,0.6578947368421053,0.6536162921336507,1.2222351635951854,0.6341860376057902,0.6326079004006624,1.2025630070317177,0.8716280330757761,0.8718782419433666,0.7896399697654005,0.5864649899357057,0.5852648847661033,1.05907503975828,0.6858418298109459
10,val,0.9930020525403644,1.082171194255352,1.1828941106796265,0.6827515661716461,0.9119102691495141,0.7308076769292283,0.7281717851262397,1.082171194255352,0.6420737786640079,0.4218336609253578,1.1828941106796265,0.9135514018691588,0.9038510044444097,0.6827515661716461,0.6875,0.6165756653542929,0.9119102691495141,0.667608028962575
11,train,4.093595339405921,1.1885386615917641,1.1726064110364276,0.765056768215028,1.036403740827854,0.6730615663284186,0.6699648194776834,1.1885386615917641,0.6472132666653796,0.643415262748615,1.1726064110364276,0.8825599381283836,0.8818075287122964,0.765056768215028,0.5997396743987256,0.5982329794178377,1.036403740827854,0.6983551475891081
11,val,0.9585158222395441,1.0492551162838937,1.150503695011139,0.6439525187015533,0.8819171190261841,0.743702518992403,0.7447253268625265,1.0492551162838937,0.6350947158524427,0.4715412527314963,1.150503695011139,0.9410046728971962,0.9331520420755643,0.6439525187015533,0.7163958641063516,0.6382149049809454,0.8819171190261841,0.696908381662633
12,train,3.9746865566551834,1.1529067278499934,1.1417127773720337,0.744225642373485,1.0123592152932737,0.6915506573859243,0.6889489921373739,1.1529067278499934,0.6650890109462039,0.6621444274771895,1.1417127773720337,0.891710014889873,0.8907762412698803,0.744225642373485,0.6145536354996994,0.6114200105778753,1.0123592152932737,0.7133224178655797
12,val,0.9541563786890196,1.037737788259983,1.1739960014820099,0.6574472859501839,0.8840744841930478,0.7416033586565374,0.7434192481251178,1.037737788259983,0.5952143569292123,0.4405949306057705,1.1739960014820099,0.9304906542056075,0.9241196645810301,0.6574472859501839,0.7223966026587888,0.6314285692073565,0.8840744841930478,0.6848906031298188
13,train,3.868668828649497,1.1213336528530784,1.1112389253919237,0.7253428313779476,0.9950155893862987,0.7064407174470068,0.70372324158711,1.1213336528530784,0.6813778256189451,0.678897706565638,1.1112389253919237,0.8992847254268574,0.8989281438924306,0.7253428313779476,0.6287100953264884,0.62782135529118,0.9950155893862987,0.7273426118340897
13,val,0.9511245955591616,1.0194900259375572,1.1101487576961517,0.62762401252985,0.9119624356890834,0.7556977209116353,0.7571898877525579,1.0194900259375572,0.6919242273180458,0.49969861697952506,1.1101487576961517,0.9415887850467289,0.9355327315538835,0.62762401252985,0.6644202363367799,0.622362137508244,0.9119624356890834,0.7036958434485525
14,train,3.7771222659435226,1.0969578987611435,1.0785271449213287,0.7131936183342567,0.9807665296287158,0.7191749072929543,0.7165350753325895,1.0969578987611435,0.6988421504034931,0.6958712471858436,1.0785271449213287,0.903337617322896,0.9033169813647677,0.7131936183342567,0.6371185265104808,0.6370131360938586,0.9807665296287158,0.7381841099942648
14,val,0.9431585805571597,0.9674800336360931,1.1345430612564087,0.6548894345760345,0.9416745263476705,0.7764894042383047,0.7753517236084587,0.9674800336360931,0.6480558325024925,0.4960605197418428,1.1345430612564087,0.9199766355140186,0.9117736900885001,0.6548894345760345,0.6477104874446086,0.6049292095450163,0.9416745263476705,0.6970287857459545
15,train,3.6604303769379043,1.057256837118944,1.049671405893993,0.6902532209977322,0.9612349234798706,0.738175872941726,0.7360528400403994,1.057256837118944,0.7119754231393461,0.7089672626050184,1.049671405893993,0.915243701070381,0.9144250392787092,0.6902532209977322,0.6506911551474142,0.6514182406016347,0.9612349234798706,0.7527158456314404
15,val,0.8563627607148626,0.914955161511898,1.144901603460312,0.647075816988945,0.7996207960816317,0.8087764894042383,0.8050107946504035,0.914955161511898,0.6550348953140578,0.5153485184771974,1.144901603460312,0.9205607476635514,0.9133440132167965,0.647075816988945,0.7542466765140325,0.6755056127013113,0.7996207960816317,0.7273022347614272
16,train,3.5593241500499526,1.0318165872588052,1.0213626906386677,0.671635610959666,0.9372405262650094,0.7497772612822002,0.7487679030559126,1.0318165872588052,0.7276128127191956,0.7259495084779198,1.0213626906386677,0.9222159719124008,0.9218525813938477,0.671635610959666,0.6666152154199386,0.6655879835069677,0.9372405262650094,0.765539494108662
16,val,0.8308386770279511,0.8861894696950913,1.1702101528644562,0.609162338078022,0.7775149220644042,0.8239704118352659,0.817976874438147,0.8861894696950913,0.6271186440677966,0.49083720913640366,1.1702101528644562,0.9404205607476636,0.9346820139901816,0.609162338078022,0.7794497784342689,0.6850853646681503,0.7775149220644042,0.7321453655582206
17,train,3.4588583908956636,1.002146227557961,0.9876531802543044,0.6574120820308146,0.9174496231984264,0.7656355271516295,0.7639897567812075,1.002146227557961,0.7443505294860585,0.7428769874221669,0.9876531802543044,0.9269107507040886,0.9267582752396522,0.6574120820308146,0.6809883935688318,0.681789054446298,0.9174496231984264,0.7788535184723312
17,val,0.8213254913039829,0.8822032243013382,1.176676869392395,0.6293873637914658,0.7592539094215216,0.8260695721711315,0.8239154545488943,0.8822032243013382,0.6151545363908275,0.5228183378622603,1.176676869392395,0.9316588785046729,0.9245121343464474,0.6293873637914658,0.7858197932053176,0.6982058622065963,0.7592539094215216,0.7423629472410496
18,train,3.3791865521565856,0.9790462233292554,0.9632963904967675,0.6474846716110523,0.8982887437414591,0.7743325054330953,0.7733200855451113,0.9790462233292554,0.7545829022118969,0.752651217437695,0.9632963904967675,0.9313910862434883,0.9312552794027521,0.6474846716110523,0.6914217249309139,0.6914187017906426,0.8982887437414591,0.7871613210440502
18,val,0.8204890360002932,0.8565319612622261,1.2078444063663483,0.577158235013485,0.7923976182937622,0.8401639344262295,0.8380732241874348,0.8565319612622261,0.6111665004985045,0.4968026908593294,1.2078444063663483,0.9608644859813084,0.9569169044624604,0.577158235013485,0.7570162481536189,0.696265910022774,0.7923976182937622,0.7470146823829996
19,train,3.304231430697382,0.9591380061198109,0.94062390982661,0.6351900049681699,0.8805507974648298,0.7871030022202915,0.7861973469899376,0.9591380061198109,0.7681482919254659,0.7669757846599362,0.94062390982661,0.9366343962444241,0.936440292353123,0.6351900049681699,0.702054794520548,0.7025893574069138,0.8805507974648298,0.7980506953524775
19,val,0.8083319424287133,0.8700220376253128,1.1625880002975464,0.5798357725143433,0.7592879145644432,0.8310675729708117,0.8306896043961947,0.8700220376253128,0.6679960119641076,0.5069212145561464,1.1625880002975464,0.9480140186915887,0.9432141077648375,0.5798357725143433,0.7826809453471196,0.7087553870096609,0.7592879145644432,0.7473950784317098
20,train,3.2297493586173425,0.9386754979566664,0.9140756769896146,0.6225292344690848,0.8670229649277538,0.7963903098156548,0.7955010694168226,0.9386754979566664,0.7823774866569626,0.7805146119085326,0.9140756769896146,0.9406302921768244,0.9405793058474675,0.6225292344690848,0.7123738694245928,0.7119017447132319,0.8670229649277538,0.8071241829715137
20,val,0.819167061344437,0.8354262769222259,0.9850184321403503,0.5595989711582661,0.841418628082719,0.8444622151139545,0.845623111791526,0.8354262769222259,0.7288135593220338,0.5609359914642943,0.9850184321403503,0.9620327102803738,0.9598137607800415,0.5595989711582661,0.7070716395864106,0.6627161729826103,0.841418628082719,0.7572722592546182
21,train,3.1652170523224634,0.9184886127636391,0.8955074274362465,0.6138870028349069,0.8508075097802259,0.8058126476397011,0.8045327214421245,0.9184886127636391,0.7897524781397885,0.7878296922494389,0.8955074274362465,0.9432954917795809,0.942934220097118,0.6138870028349069,0.7250184616580512,0.7247663257066815,0.8508075097802259,0.8150157398738407
21,val,0.78775320428869,0.8084580689668656,1.0464763939380646,0.563160128891468,0.78950283139251,0.8618552578968413,0.8605335280438082,0.8084580689668656,0.7088733798604188,0.5860917698303536,1.0464763939380646,0.959696261682243,0.9561779678584137,0.563160128891468,0.7578471196454948,0.6942725173623003,0.78950283139251,0.774268945773719
22,train,3.0948411607860633,0.8984185347042368,0.869905885928322,0.6078816985078248,0.83135354873856,0.8135946947532671,0.8127400292398544,0.8984185347042368,0.8073864845518389,0.8056473524418444,0.869905885928322,0.9472309805211134,0.947069141937082,0.6078816985078248,0.7339783281733746,0.734554299146903,0.83135354873856,0.825002705691421
22,val,0.7931186660476353,0.8370220199227333,1.1302136778831482,0.5523520559072495,0.7735815159110135,0.843562574970012,0.8409945471424174,0.8370220199227333,0.6560319042871385,0.5707242535215705,1.1302136778831482,0.9684579439252337,0.9682774319866788,0.5523520559072495,0.7619091580502215,0.7048229918786583,0.7735815159110135,0.7712048061323313
23,train,3.046775399603264,0.8904810643225687,0.8481817174490273,0.6014216781845756,0.8201763804438097,0.8200190435475408,0.8196082725529734,0.8904810643225687,0.8164319430472801,0.8145354453836161,0.8481817174490273,0.9486145997624472,0.948810191414068,0.6014216781845756,0.7426002392621465,0.7421184600221529,0.8201763804438097,0.8312680923432026
23,val,0.7484199009511782,0.7860381826758385,1.0798152387142181,0.5534886345267296,0.7212318168130032,0.8712514994002399,0.8715660406402674,0.7860381826758385,0.6819541375872383,0.5644098531537323,1.0798152387142181,0.9637850467289719,0.9611902920443017,0.5534886345267296,0.8041912850812407,0.7388444984988106,0.7212318168130032,0.784002671084278
24,train,2.9856952292747594,0.8671774998048399,0.832500078542061,0.5910938434654075,0.8068095068481956,0.832469140579654,0.832171253769584,0.8671774998048399,0.8245315161839863,0.8236922444850064,0.832500078542061,0.9532793553635764,0.9532735176342468,0.5910938434654075,0.7497079894097493,0.748732703265135,0.8068095068481956,0.8394674297884931
24,val,0.7494356612796369,0.7871223986148834,1.0658505260944366,0.5395456664264202,0.7294542734013048,0.8713514594162335,0.8713577586949819,0.7871223986148834,0.6999002991026919,0.5915412214211384,1.0658505260944366,0.967873831775701,0.9654574191640908,0.5395456664264202,0.8180391432791728,0.7304632669940785,0.7294542734013048,0.7897049165685723
25,train,2.950433693511906,0.8593016819238071,0.8181194007100894,0.5889856483297372,0.796669068540592,0.8348749903243285,0.8351640545071597,0.8593016819238071,0.8311428626895226,0.829755185858036,0.8181194007100894,0.9538625157111089,0.953536162208652,0.5889856483297372,0.7582921802698604,0.7572633694879323,0.796669068540592,0.843929693015445
25,val,0.6999465434447579,0.7459451973438262,0.9909909963607788,0.542006503790617,0.6560043151988539,0.8869452219112355,0.8865218201728695,0.7459451973438262,0.7248255234297108,0.5917219952956828,0.9909909963607788,0.967873831775701,0.9658647572576766,0.542006503790617,0.8463810930576071,0.7720588677667903,0.6560043151988539,0.8040418601232548
26,train,2.8927331884800647,0.8391322128234371,0.7935467809808461,0.584352132996022,0.7852839343157358,0.8458301824598142,0.8456456480983991,0.8391322128234371,0.8457876458422757,0.8447628466222172,0.7935467809808461,0.9556315972624986,0.9554366602714272,0.584352132996022,0.763628990209142,0.7630439745811212,0.7852839343157358,0.8522222823932912
26,val,0.7114057761171589,0.7406630635261535,1.065110832452774,0.5392338447272778,0.6846448404844417,0.8910435825669732,0.8919132170766844,0.7406630635261535,0.7018943170488534,0.5998530500836518,1.065110832452774,0.9655373831775701,0.9630176902103541,0.5392338447272778,0.8389955686853766,0.7647765969263323,0.6846448404844417,0.8048901385742556
27,train,2.8535954984778504,0.8273849511708574,0.7814146403047643,0.5786099132178143,0.7745079656244803,0.8479101490391154,0.8468873902573377,0.8273849511708574,0.8514284605232513,0.8504967497950683,0.7814146403047643,0.9570641418648869,0.9569867646280006,0.5786099132178143,0.7700310768815025,0.7694778222435161,0.7745079656244803,0.8559621817309807
27,val,0.7055103422506995,0.753205232322216,1.0436756312847137,0.5543322302401066,0.6594272796497789,0.8884446221511395,0.8867541332636217,0.753205232322216,0.7028913260219342,0.6346401472041753,1.0436756312847137,0.9608644859813084,0.959921955033758,0.5543322302401066,0.8385339734121122,0.7681678607056914,0.6594272796497789,0.8123710240518116
28,train,2.8271187091287846,0.818857423203163,0.7727801835270732,0.5732224577709699,0.7707857827542733,0.851798784029741,0.8519192888588206,0.818857423203163,0.8552470989364381,0.854780171318313,0.7727801835270732,0.959709753760097,0.9596496945974524,0.5732224577709699,0.7744022178583805,0.7741972316697181,0.7707857827542733,0.8601365966110761
28,val,0.685603014152983,0.7283209040760994,1.0299028158187866,0.5637817308306694,0.6342652287594107,0.8959416233506597,0.8958290365563621,0.7283209040760994,0.707876370887338,0.5819517816568794,1.0299028158187866,0.9567757009345794,0.9549706500150881,0.5637817308306694,0.8626292466765141,0.7932540430276427,0.6342652287594107,0.8065013778139931
29,train,2.781744858171449,0.8031179382842468,0.7528274914910716,0.5693849947848924,0.7614696436277394,0.8611656334415143,0.8609425939154155,0.8031179382842468,0.8657425434156218,0.8648057680819211,0.7528274914910716,0.9608899971228542,0.9609614463239247,0.5693849947848924,0.7780653950953679,0.7786387963931617,0.7614696436277394,0.8663371511786057
29,val,0.6794704192358515,0.7137036502361298,1.0461303889751434,0.5331675335764885,0.638345692046853,0.9036385445821671,0.9031524268401367,0.7137036502361298,0.7048853439680958,0.5931599238741615,1.0461303889751434,0.9690420560747663,0.9681270349757112,0.5331675335764885,0.8617060561299852,0.7915715355038949,0.638345692046853,0.814002730298476
30,train,2.7517105592391626,0.7986580349375533,0.7418308984257151,0.5620234042923741,0.7528058332633736,0.8636310656979681,0.8640598197977624,0.7986580349375533,0.8712154749302281,0.8705298828035557,0.7418308984257151,0.9637302681397201,0.9636829103593287,0.5620234042923741,0.7838132295719844,0.7830637924394707,0.7528058332633736,0.8703341013500294
30,val,0.6930459180603856,0.7115805223584175,1.0484230816364288,0.5371221080422401,0.6749392248863397,0.9044382247101159,0.9042129142614905,0.7115805223584175,0.6849451645064806,0.5854039587704302,1.0484230816364288,0.9632009345794392,0.9606953430123197,0.5371221080422401,0.8257939438700148,0.7682504795119847,0.6749392248863397,0.8046406738890564
31,train,2.7243578496109464,0.7872392453123854,0.7328054823591454,0.5632803619795342,0.74282660170761,0.8669384729429207,0.8663903672895384,0.7872392453123854,0.8759203076387949,0.875085342644874,0.7328054823591454,0.9624418604651163,0.9623346766695178,0.5632803619795342,0.7886708554857419,0.7885458496605543,0.74282660170761,0.8730890590661211
31,val,0.6808381346256837,0.7007530689239502,1.0732111483812332,0.5294773131608963,0.6546447304792182,0.9082367053178728,0.9065130276732454,0.7007530689239502,0.6759720837487537,0.5904680311296996,1.0732111483812332,0.9707943925233645,0.9681818763547649,0.5294773131608963,0.8432422451994092,0.7809231904964079,0.6546447304792182,0.8115215314135295
32,train,2.686927996853149,0.775040251149729,0.7165562285678854,0.5563422034751097,0.7370343603212248,0.8737320065694136,0.8740294267509445,0.775040251149729,0.8837603507062834,0.8824439499192981,0.7165562285678854,0.9661571840917456,0.9661161845907615,0.5563422034751097,0.7932410186888739,0.792917092693825,0.7370343603212248,0.8788766634887073
32,val,0.6466686466465825,0.7061485782265663,0.9703415632247925,0.5268306657671928,0.5736395813697992,0.9085365853658537,0.9085739920890705,0.7061485782265663,0.7258225324027916,0.6108762160933995,0.9703415632247925,0.9713785046728972,0.9709924261667169,0.5268306657671928,0.8945716395864106,0.8209265889485495,0.5736395813697992,0.8278423058244341
33,train,2.663961284805468,0.7661772516761761,0.7080963792339448,0.5532296115056456,0.7327738054484942,0.8777093093326594,0.8776276132910951,0.7661772516761761,0.8880986432685246,0.8882226141455413,0.7080963792339448,0.9668473809430945,0.9668005072368276,0.5532296115056456,0.7954619937154204,0.7956463820305731,0.7327738054484942,0.8820742791760092
33,val,0.6569462055745332,0.6892433941364289,0.9551462233066559,0.5256513208150864,0.6180683707081994,0.9128348660535786,0.9118630346891974,0.6892433941364289,0.7537387836490529,0.637294909633898,0.9551462233066559,0.9719626168224299,0.9703585105487607,0.5256513208150864,0.865675775480059,0.7975294335440709,0.6180683707081994,0.8292614721039817
34,train,2.628556172250222,0.756368537472732,0.6940520367314739,0.5500260161480892,0.7197478208737101,0.8831757519162678,0.8833617135868386,0.756368537472732,0.8954531334938262,0.8945729821090972,0.6940520367314739,0.9683746919927825,0.9683676370887082,0.5500260161480892,0.8022549869904597,0.8020335065686282,0.7197478208737101,0.887083959838318
34,val,0.6530705444190813,0.6886322349309921,0.9939508140087128,0.5250847451388836,0.6058429909306903,0.911735305877649,0.9099962391171351,0.6886322349309921,0.748753738783649,0.642215373445348,0.9939508140087128,0.9725467289719626,0.9716304163617744,0.5250847451388836,0.8733382570162481,0.8073573086541116,0.6058429909306903,0.8327998343945924
35,train,2.6168490355423013,0.7503052594200257,0.6844261878033726,0.5512297241474795,0.7219679665476749,0.8861821784486276,0.8858468252674667,0.7503052594200257,0.8993358762367611,0.8988402699069696,0.6844261878033726,0.9672153448510407,0.9670024481455153,0.5512297241474795,0.8023379383634431,0.8019227886315323,0.7219679665476749,0.888403082987871
35,val,0.6457705931819003,0.6777361929416656,1.0302392840385437,0.5269956886768341,0.5938396398411241,0.9180327868852459,0.9172249398881589,0.6777361929416656,0.7128614157527418,0.6068332536904898,1.0302392840385437,0.9707943925233645,0.9693412941793406,0.5269956886768341,0.8869091580502215,0.8242335686779922,0.5938396398411241,0.8294082641089954
36,train,2.5844511536155683,0.7406376343654936,0.675912791313072,0.5452217581328328,0.7090713792196278,0.8895759032408125,0.890161698176495,0.7406376343654936,0.9046283581223526,0.9041137417503139,0.675912791313072,0.9700789529563925,0.9699950545586546,0.5452217581328328,0.8094187907412468,0.8092876687446119,0.7090713792196278,0.893389540807519
36,val,0.6479628397070843,0.6947515323758126,0.9666387736797333,0.5209484472870827,0.5914164254831713,0.9105357856857257,0.912824362821059,0.6947515323758126,0.7437686939182453,0.6354453842006192,0.9666387736797333,0.9766355140186916,0.9749037991385172,0.5209484472870827,0.8822008862629247,0.8158701500988342,0.5914164254831713,0.8347609240647573
37,train,2.560738044104564,0.7333090439179991,0.6659266107135612,0.5435193399563617,0.7007682300530947,0.8929068688118812,0.8921066740357251,0.7333090439179991,0.9105957078240785,0.9103215527153823,0.6659266107135612,0.9713812262403743,0.9713684262705289,0.5435193399563617,0.8152178144586756,0.8144095997754714,0.7007682300530947,0.8970515631992769
37,val,0.628668218203213,0.6621592894196511,1.0280731767416,0.518023282289505,0.5663260914558588,0.9273290683726509,0.9273599866714893,0.6621592894196511,0.7038883349950149,0.5974331481770917,1.0280731767416,0.9760514018691588,0.9748233202111423,0.518023282289505,0.8959564254062038,0.8308366707058049,0.5663260914558588,0.832613281441382
38,train,2.5415047655626206,0.7261049134411823,0.657884173742299,0.5406800360227045,0.6968375378595688,0.8955600403632694,0.895480602490474,0.7261049134411823,0.9131706372264188,0.9125479155570991,0.657884173742299,0.9713310315397448,0.9711201624937236,0.5406800360227045,0.8161371561410307,0.8163788943787367,0.6968375378595688,0.8988818937300083
38,val,0.6338487779316695,0.6666847541928291,0.9919751286506653,0.5121551379561424,0.5805398988169294,0.9229308276689324,0.923328337093522,0.6666847541928291,0.7377866400797607,0.6258926559251095,0.9919751286506653,0.9807242990654206,0.9803272614254128,0.5121551379561424,0.8878323485967504,0.8267070284795848,0.5805398988169294,0.8390638207309072
39,train,2.520688559222162,0.7185368696158341,0.6506472542771039,0.5362238332296424,0.6920303022743158,0.8988160766363443,0.8986358570111178,0.7185368696158341,0.9151029260829993,0.9150055812989917,0.6506472542771039,0.973368247502667,0.9733613776942125,0.5362238332296424,0.8182809305947629,0.817662018830587,0.6920303022743158,0.9011662087087273
39,val,0.6403947841861973,0.6622873842716217,1.0138991475105286,0.5129315555095673,0.5999269568642904,0.9245301879248301,0.9249132013457919,0.6622873842716217,0.7228315054835494,0.6121738719527878,1.0138991475105286,0.9772196261682243,0.9770822609275067,0.5129315555095673,0.8758308714918759,0.815694045223468,0.5999269568642904,0.8324658448623887
40,train,2.5021284641166477,0.7182072088972806,0.6389545293215191,0.535576873988135,0.682782788763271,0.8995035530030177,0.8997311327836996,0.7182072088972806,0.9228394462458498,0.9220112321632639,0.6389545293215191,0.9739936767427514,0.9740232587310955,0.535576873988135,0.8239398402976975,0.824022508518865,0.682782788763271,0.904947033049231
40,val,0.6520153847725495,0.6685143515467644,0.977624848484993,0.5127243362367153,0.6287130935247555,0.9213314674130347,0.9212838820819188,0.6685143515467644,0.752741774675972,0.6369856643074095,0.977624848484993,0.9783878504672897,0.9790830424032604,0.5127243362367153,0.859582717872969,0.7984632839092575,0.6287130935247555,0.8339539681754615
41,train,2.488149413695702,0.7092739349559283,0.6359852038453294,0.5340327228195318,0.6797774340911183,0.9032295561539803,0.9034951055090666,0.7092739349559283,0.9237139857692757,0.9233767248246315,0.6359852038453294,0.9746097167408675,0.9743796442509824,0.5340327228195318,0.8262672633284469,0.8255834068611916,0.6797774340911183,0.9067087203614681
41,val,0.6271659991015559,0.6536458984017373,0.993718758225441,0.5124576203525066,0.5749776585157528,0.9278288684526189,0.9277582479524743,0.6536458984017373,0.7417746759720838,0.6395311752332236,0.993718758225441,0.9772196261682243,0.9773472980828694,0.5124576203525066,0.89198670605613,0.8311809238921298,0.5749776585157528,0.8439544112901742
42,train,2.4771259833802066,0.7048969222949102,0.6316345365852044,0.53179783634749,0.6779471755989136,0.9055971965346052,0.9049881272645453,0.7048969222949102,0.9262493465254517,0.9263166471567928,0.6316345365852044,0.9754392081662696,0.9752949653844561,0.53179783634749,0.8264889645433972,0.826013459078899,0.6779471755989136,0.9081532997211733
42,val,0.6151859060577725,0.6491460457444191,0.9472918957471848,0.5239532068371773,0.5489782351394032,0.929828068772491,0.9298791263646682,0.6491460457444191,0.7756729810568295,0.634376783197255,0.9472918957471848,0.9742990654205608,0.9738180850505909,0.5239532068371773,0.9062038404726735,0.8471947044616525,0.5489782351394032,0.8463171747685416
43,train,2.458938549529234,0.7012215857914009,0.6221886042773576,0.5288837867842123,0.6722676642331533,0.905319951267622,0.9052624072053307,0.7012215857914009,0.9307118644067797,0.9303582204325657,0.6221886042773576,0.9762913443973726,0.9762203555867681,0.5288837867842123,0.8296728881300687,0.8292630867040416,0.6722676642331533,0.9102760174821765
43,val,0.6233428846234861,0.6496909946203232,1.0058013945817947,0.515710573643446,0.5664736060209052,0.9301279488204718,0.9307279169539545,0.6496909946203232,0.7467597208374875,0.6372280514504957,1.0058013945817947,0.9760514018691588,0.9762045352008292,0.515710573643446,0.8957717872968981,0.8377769047119101,0.5664736060209052,0.8454843520792974
44,train,2.4385154794522608,0.6961595883440439,0.6158156103590877,0.5260632823477903,0.6618097562426077,0.909423320042789,0.9091070190744797,0.6961595883440439,0.9325925352330804,0.9321880139649211,0.6158156103590877,0.9780025381686729,0.9779686369174598,0.5260632823477903,0.8376090052478589,0.8374204197315193,0.6618097562426077,0.9141710224220949
44,val,0.6069671174754268,0.6322220981121063,0.9569765627384186,0.5098049193620682,0.5442946123522382,0.9380247900839664,0.9379015038836703,0.6322220981121063,0.7676969092721835,0.6363524207506155,0.9569765627384186,0.9807242990654206,0.9812307679019768,0.5098049193620682,0.9049113737075333,0.8436366078622004,0.5442946123522382,0.8497803250996157
45,train,2.4243701143241108,0.6892633575659531,0.6132389437176158,0.5237249365959215,0.6565142593371956,0.9121424570755354,0.9121137459796635,0.6892633575659531,0.9345140271843159,0.9343330134552981,0.6132389437176158,0.9780491605313388,0.9780457785366237,0.5237249365959215,0.8396380301382632,0.8394200642487056,0.6565142593371956,0.9159781505550727
45,val,0.6159691072028616,0.6292246729135513,0.9775175303220749,0.5062847174704075,0.5699785268583963,0.9390243902439024,0.9389812828614679,0.6292246729135513,0.7726819541375872,0.6467320662885465,0.9775175303220749,0.9842289719626168,0.9851665418441452,0.5062847174704075,0.8968796159527327,0.8417915814218613,0.5699785268583963,0.8531678681040051
46,train,2.415859888860073,0.687737692896249,0.6041235170944157,0.5243371645954643,0.6561945602112905,0.9122006841505131,0.9120083477511748,0.687737692896249,0.9387937049383673,0.9385770022594908,0.6041235170944157,0.9773066992797934,0.9772700297825456,0.5243371645954643,0.8394841115686427,0.839153587675269,0.6561945602112905,0.91675224186712
46,val,0.6120546499024266,0.6262596443295478,0.9813569784164429,0.5111560299992561,0.5605275866597198,0.9385245901639344,0.9384256066850126,0.6262596443295478,0.7597208374875374,0.6376747628509113,0.9813569784164429,0.9789719626168224,0.9786578939009933,0.5111560299992561,0.895033234859675,0.8387690578492555,0.5605275866597198,0.8483818303215431
47,train,2.39935951286155,0.6803522178759942,0.5979695859233439,0.5226238596232299,0.6512201372950012,0.9164443413370452,0.916482062177905,0.6803522178759942,0.9427045917872051,0.9424914184964519,0.5979695859233439,0.9784259277239451,0.9784194036598504,0.5226238596232299,0.8414586885754146,0.841439762956268,0.6512201372950012,0.9197081618226188
47,val,0.6148633632970892,0.6297979474067688,1.032428801059723,0.5078176409006119,0.5605304074841876,0.9371251499400239,0.9366337716396465,0.6297979474067688,0.7427716849451645,0.6423233764628499,1.032428801059723,0.977803738317757,0.9779454451179682,0.5078176409006119,0.8964180206794683,0.839567282712401,0.5605304074841876,0.8491174689832164
48,train,2.3876467384120668,0.6773600978383947,0.5928443041687864,0.5213724015738177,0.6463194162614884,0.9176393290561954,0.9175637757197,0.6773600978383947,0.9432512659332984,0.9431439654252476,0.5928443041687864,0.978480422622747,0.9785634177666074,0.5213724015738177,0.8446185774967512,0.8439488373714605,0.6463194162614884,0.9208049990707539
48,val,0.6218057968046354,0.6278242558240891,1.015331208705902,0.5131513699889183,0.581441507783047,0.9379248300679728,0.9381333641673115,0.6278242558240891,0.7417746759720838,0.644239193984636,1.015331208705902,0.9760514018691588,0.9751619835957206,0.5131513699889183,0.8845088626292467,0.829728453218273,0.581441507783047,0.8468157487414854
49,train,2.377530598462959,0.674422166113818,0.5897342097152847,0.5190004164690415,0.6426092839566413,0.9200868958026224,0.9201249126556453,0.674422166113818,0.9451066135211486,0.9445798798364299,0.5897342097152847,0.9795584946027424,0.9795585374628748,0.5190004164690415,0.8482479732213687,0.8480978201271074,0.6426092839566413,0.9230902875205145
49,val,0.6090541494929272,0.6199928253889084,0.9667251855134964,0.5141705051064491,0.5583783803984176,0.9438224710115953,0.9440623968278135,0.6199928253889084,0.7716849451645065,0.6542582219399813,0.9667251855134964,0.977803738317757,0.9772786661791928,0.5141705051064491,0.899741506646972,0.8438355287498108,0.5583783803984176,0.8548587034241996
50,train,2.365986365538377,0.6737533104478869,0.5816633173313094,0.5175863298825532,0.6388765349799291,0.9192836398838335,0.9189626172376673,0.6737533104478869,0.9485166980747188,0.9484783418461082,0.5816633173313094,0.9808822103732429,0.9808907022683131,0.5175863298825532,0.8480769975599365,0.8483737663980684,0.6388765349799291,0.9241763569375392
50,val,0.5990618830141814,0.6142084375023842,0.999262124300003,0.5082513988018036,0.5345780156379523,0.9446221511395442,0.944828254062575,0.6142084375023842,0.7597208374875374,0.6325260367087877,0.999262124300003,0.9789719626168224,0.9786260993307411,0.5082513988018036,0.909711964549483,0.8486127156934765,0.5345780156379523,0.8511482764488951
51,train,2.3561846665649795,0.6692242806513907,0.5814739030510853,0.5142930509804496,0.6352023186518004,0.9210291262135922,0.921168729366814,0.6692242806513907,0.9488265908255461,0.9485733844927934,0.5814739030510853,0.9813660979444476,0.9813213605803086,0.5142930509804496,0.8511911679256247,0.8511279550843194,0.6352023186518004,0.9255478573810589
51,val,0.6049706981233929,0.6106902405619621,0.9789927154779434,0.5017115920782089,0.5570805661900099,0.9446221511395442,0.9446801658929534,0.6106902405619621,0.7597208374875374,0.6571162790323983,0.9789927154779434,0.9848130841121495,0.9856311858790651,0.5017115920782089,0.9006646971935007,0.8421195273650525,0.5570805661900099,0.8573867895423674
52,train,2.348039096993193,0.6625152763450708,0.5761498508988776,0.516171762132763,0.6349434192955642,0.9231928595196618,0.9227404282273829,0.6625152763450708,0.951317362959534,0.9512748553316749,0.5761498508988776,0.9810223209971978,0.9810987011416702,0.516171762132763,0.8517113210469258,0.8516743930509711,0.6349434192955642,0.9266970944379247
52,val,0.6020619422197342,0.6164216697216034,0.9584736227989197,0.509149357676506,0.5442058984623399,0.944422231107557,0.9446707255455521,0.6164216697216034,0.7816550348953141,0.6626791662608219,0.9584736227989197,0.9795560747663551,0.9798983729146354,0.509149357676506,0.9083271787296898,0.8548850880368929,0.5442058984623399,0.8605333381894755
53,train,2.3349822780334626,0.6612466094511614,0.5721283939207162,0.5131414406574689,0.6276283593612628,0.9243775873126931,0.9241710964981787,0.6612466094511614,0.9536475045424673,0.9534860681525379,0.5721283939207162,0.9824323276196386,0.9823857140457339,0.5131414406574689,0.8546445120887217,0.8544084897493374,0.6276283593612628,0.928612842111447
53,val,0.6006240323185921,0.6161002352833748,0.9642390161752701,0.5021539516746998,0.5415240436099297,0.944422231107557,0.9450172868472245,0.6161002352833748,0.7766699900299102,0.6583555855944898,0.9642390161752701,0.9830607476635514,0.9826906403680558,0.5021539516746998,0.9085118168389956,0.852373161599011,0.5415240436099297,0.8596091686021953
54,train,2.3234588937191454,0.6556109070925795,0.5656155778959431,0.5109347484765514,0.6281901822048737,0.9271120605942902,0.9270710871352329,0.6556109070925795,0.9563034621251617,0.9562179156404234,0.5656155778959431,0.9828339636691423,0.9828351743935716,0.5109347484765514,0.8547649252296928,0.8544063985406682,0.6281901822048737,0.930132643927474
54,val,0.6009974123343177,0.6021244779229165,1.0027385652065277,0.513783048838377,0.5488209079864413,0.9508196721311475,0.9509089853003098,0.6021244779229165,0.7557328015952144,0.6541166448324491,1.0027385652065277,0.9801401869158879,0.9793898561813892,0.513783048838377,0.9024187592319055,0.848967306252488,0.5488209079864413,0.858345698141659
55,train,2.316389418121603,0.6570929521070816,0.5625628865608211,0.5102357997122237,0.6220385461084305,0.9269213553120682,0.9271034353983588,0.6570929521070816,0.9581731329372014,0.9581114666180587,0.5625628865608211,0.9836170212765958,0.9836144911124334,0.5102357997122237,0.8584677808907352,0.8581748556543495,0.6220385461084305,0.9317510621958002
55,val,0.5850185298401377,0.6015861362218857,0.9619642198085785,0.5039521716535091,0.5122089039447696,0.9504198320671732,0.9504575340867275,0.6015861362218857,0.7776669990029911,0.6405862622672748,0.9619642198085785,0.9789719626168224,0.9786287044483887,0.5039521716535091,0.9218057607090103,0.8704774254556358,0.5122089039447696,0.8600374815645067
56,train,2.3013176444742283,0.648168789171995,0.5614304868296417,0.5088283558637273,0.6147636099355688,0.9304070385768153,0.9306094899059126,0.648168789171995,0.9582246943623617,0.9577928331999953,0.5614304868296417,0.9835928539491845,0.9835974422616027,0.5088283558637273,0.8615255918915239,0.8613664015577173,0.6147636099355688,0.9333415417313069
56,val,0.6190722150647122,0.61244465559721,0.9624887704849243,0.5008236467838287,0.5950689787088439,0.9445221911235506,0.9449050693617603,0.61244465559721,0.7607178464606181,0.632354415923093,0.9624887704849243,0.9848130841121495,0.9851449378362236,0.5008236467838287,0.8747230428360414,0.8211989708234336,0.5950689787088439,0.8459008484861276
57,train,2.3003391556940955,0.6476678618278456,0.5565965691068332,0.5081686635245165,0.620098774249737,0.9306999980561009,0.9306337619036772,0.6476678618278456,0.9604271235053584,0.9600896788444763,0.5565965691068332,0.9841095149830089,0.9840568736151709,0.5081686635245165,0.8599805825242719,0.8596126790661318,0.620098774249737,0.9335982483573639
57,val,0.5914044325118479,0.5964107662439346,0.9292834103107452,0.5073622614145279,0.5366631254207256,0.9528188724510196,0.9531624029418021,0.5964107662439346,0.7866400797607178,0.6546714902250884,0.9292834103107452,0.981892523364486,0.9816281218831562,0.5073622614145279,0.9085118168389956,0.8554249756541823,0.5366631254207256,0.8612217476760573
58,train,2.2881402756380975,0.6447994427260927,0.5523379072731837,0.5062327780217746,0.6145310873724983,0.9317501651832563,0.9315921400690572,0.6447994427260927,0.9622762396613986,0.9621440904388608,0.5523379072731837,0.985047382320957,0.9849618321720408,0.5062327780217746,0.8610340041637752,0.8607506038405828,0.6145310873724983,0.9348621666301354
58,val,0.586504741207413,0.6000399947166443,0.9140717685222626,0.510679442435503,0.5209523051284081,0.9497201119552179,0.9503445169060526,0.6000399947166443,0.7966101694915254,0.6977876814102605,0.9140717685222626,0.9795560747663551,0.9792199125420692,0.510679442435503,0.918205317577548,0.8663722977830741,0.5209523051284081,0.873431102160364
59,train,2.2835888915854707,0.6430503953035652,0.5503638559402366,0.506260689560592,0.6127576429406112,0.9328404548453448,0.933209247199518,0.6430503953035652,0.9627140311458898,0.9626761570824903,0.5503638559402366,0.9849175115832736,0.9848791252025086,0.506260689560592,0.8629412106762807,0.8630443654793254,0.6127576429406112,0.9359522237409605
59,val,0.583937796237676,0.6007969066500664,0.9209844172000885,0.5021296478807926,0.5146438333877298,0.9501199520191923,0.9501936518882128,0.6007969066500664,0.8015952143569293,0.6665652392834139,0.9209844172000885,0.9842289719626168,0.9849771736623223,0.5021296478807926,0.9202363367799113,0.8679567992124985,0.5146438333877298,0.8674232160116118
60,train,2.2722974713919477,0.6373857716029099,0.5475886188281085,0.5045199813159464,0.6093002448676538,0.9342507347645834,0.9344037288497186,0.6373857716029099,0.964050525667193,0.9638843998514378,0.5475886188281085,0.9858831764797387,0.9858859219614107,0.5045199813159464,0.8660387231815804,0.8658061013546929,0.6093002448676538,0.937495038004315
60,val,0.5896809110822885,0.5921711757779121,0.9306516498327255,0.5022021643817425,0.5370058486627978,0.9528188724510196,0.9534012353727032,0.5921711757779121,0.7956131605184447,0.6738310308881406,0.9306516498327255,0.9830607476635514,0.9839746109630472,0.5022021643817425,0.9098042836041359,0.8590981794716035,0.5370058486627978,0.8675762641738736
61,train,2.2626401996494225,0.6360602043106893,0.5439183141842078,0.5039507997390946,0.603252001384056,0.9352353669866832,0.9352047270246682,0.6360602043106893,0.9661554630026079,0.9662859330176453,0.5439183141842078,0.9860962774530555,0.9861843744842955,0.5039507997390946,0.869017048635916,0.8692290744852664,0.603252001384056,0.9392260272529689
61,val,0.5799326284424119,0.5926354318857193,0.9644817411899567,0.499177660793066,0.5078074197436488,0.952718912435026,0.9530567073766656,0.5926354318857193,0.7746759720837487,0.6536792280009086,0.9644817411899567,0.985981308411215,0.9872018886469027,0.499177660793066,0.9226366322008862,0.8722619756096892,0.5078074197436488,0.8665499499085414
62,train,2.2560958761731094,0.6355191170429769,0.54120115244359,0.5024260287323306,0.6005166969805142,0.9356818839880321,0.9356938030527159,0.6355191170429769,0.9669894622445613,0.9667664890288431,0.54120115244359,0.9864185793834035,0.9865249953061347,0.5024260287323306,0.869532267153767,0.8696947246385035,0.6005166969805142,0.9396700030065492
62,val,0.5871146875231162,0.5887665659189224,0.9318216741085052,0.5000790916383266,0.5337233252303545,0.9553178728508597,0.9557094540497949,0.5887665659189224,0.7866400797607178,0.6469896596853726,0.9318216741085052,0.9848130841121495,0.9854602847193031,0.5000790916383266,0.9098042836041359,0.8585502088697411,0.5337233252303545,0.8616774018310529
63,train,2.248384255629319,0.633344757349852,0.5379446427668294,0.5007832899282942,0.5986417845520133,0.9377524860161591,0.9375623076538662,0.633344757349852,0.9676452965847813,0.9674739867478881,0.5379446427668294,0.9878053501606596,0.9878080901861999,0.5007832899282942,0.8705269500651156,0.8707275493742876,0.5986417845520133,0.9408929834905604
63,val,0.5916360548656919,0.5906609460711479,0.9218037724494934,0.5016967058181763,0.5448445268841677,0.9549180327868853,0.9554747733961215,0.5906609460711479,0.8055832502492523,0.6880034111890948,0.9218037724494934,0.9830607476635514,0.9840806415126077,0.5016967058181763,0.9044497784342689,0.8540209402072549,0.5448445268841677,0.8703949415762697
64,train,2.244229730542185,0.632127722646699,0.5343538822962096,0.5013178053771887,0.5980352299754732,0.937073817252838,0.9371972570315891,0.632127722646699,0.9701686625390602,0.9700911291058022,0.5343538822962096,0.986947556800498,0.9869929529560236,0.5013178053771887,0.8714942349641633,0.8714135538937399,0.5980352299754732,0.9414237232467887
64,val,0.5870329695551292,0.6014261320233345,0.9319390654563904,0.49863576516509056,0.5225639939308167,0.9497201119552179,0.9494293786607937,0.6014261320233345,0.8045862412761715,0.6704695942835132,0.9319390654563904,0.9836448598130841,0.984160322684174,0.49863576516509056,0.9136816838995568,0.8612911422104279,0.5225639939308167,0.8663376094597273
65,train,2.236440454168296,0.6281363112902819,0.5323079119323205,0.5017108157018279,0.594101802180186,0.9394021633776606,0.9394707302258968,0.6281363112902819,0.971268584668855,0.9712709976287627,0.5323079119323205,0.9865943372294964,0.9865376510466501,0.5017108157018279,0.8723145050567556,0.8723315266249871,0.594101802180186,0.9424027263815742
65,val,0.5810236665217773,0.5829094529151917,0.9433251321315765,0.5012909062206745,0.521575074556262,0.9570171931227509,0.957315165397579,0.5829094529151917,0.7956131605184447,0.6781896644793417,0.9433251321315765,0.9813084112149533,0.9805171183573441,0.5012909062206745,0.915897341211226,0.8657302397407156,0.521575074556262,0.8704380469937452
66,train,2.2300731916877234,0.6265258258093084,0.5305016270050635,0.49935387400332515,0.5927145889689845,0.9406494960806271,0.9408775292857503,0.6265258258093084,0.9708208926286401,0.9710848898763904,0.5305016270050635,0.9876560115810478,0.9876897606748276,0.49935387400332515,0.8739922076920109,0.8737688256915196,0.5927145889689845,0.943355251382122
66,val,0.5817701295018196,0.5857498630881309,0.9401988685131073,0.504843432456255,0.5206208686495937,0.9568172730907637,0.9572150189050033,0.5857498630881309,0.7946161515453639,0.6639962135545348,0.9401988685131073,0.9830607476635514,0.9822570108590353,0.504843432456255,0.9179283604135894,0.8687291274008924,0.5206208686495937,0.8680493426798663
67,train,2.2213342997335617,0.6242635065953134,0.5285540600272621,0.4980999077889819,0.5878352643390448,0.9391643086941355,0.9391842487179947,0.6242635065953134,0.9720905026419184,0.9721007547483477,0.5285540600272621,0.9879104911362976,0.9879862994352796,0.4980999077889819,0.8766518967661692,0.8761220301631572,0.5878352643390448,0.9438483332661947
67,val,0.5738300214643064,0.5819373860955238,0.9176885485649109,0.5072744451463223,0.5047071790972422,0.9579168332666933,0.958240600597339,0.5819373860955238,0.8075772681954138,0.6748051407147008,0.9176885485649109,0.9783878504672897,0.9784534279573152,0.5072744451463223,0.9261447562776958,0.8782471781865578,0.5047071790972422,0.8724365868639783
68,train,2.2143679271560743,0.6242748866453952,0.5241754313852296,0.4982342218273035,0.5839065207589057,0.9409430438842203,0.940902987378908,0.6242748866453952,0.9740324883281244,0.9739697788755691,0.5241754313852296,0.9877809042901746,0.9877686707653218,0.4982342218273035,0.8777730042180909,0.877536542672118,0.5839065207589057,0.9450444949229793
68,val,0.5771089688591335,0.5803042307496071,0.9321789741516113,0.5009435005486012,0.5150205430596374,0.9572171131547381,0.9576026011378358,0.5803042307496071,0.7996011964107677,0.6649105153492296,0.9321789741516113,0.9836448598130841,0.9841992240274424,0.5009435005486012,0.9214364844903988,0.8738903149571017,0.5150205430596374,0.8701506638679024
69,train,2.2096641087354563,0.6201469284429147,0.5221523778979891,0.49758707253128365,0.5852313851822103,0.9419906687402799,0.9418862819265167,0.6201469284429147,0.9747941489876973,0.9746810472385504,0.5221523778979891,0.9886295631358468,0.9886453142646988,0.49758707253128365,0.8789627039627039,0.8789109641674118,0.5852313851822103,0.9460309018992945
69,val,0.58116574164318,0.5836338371038436,0.9392908364534378,0.5019533075392246,0.5219792404840159,0.9577169132347061,0.9579353802435117,0.5836338371038436,0.7936191425722832,0.67147797602844,0.9392908364534378,0.9848130841121495,0.9849429786740922,0.5019533075392246,0.9180206794682423,0.8700470398743546,0.5219792404840159,0.8711008437050995
70,train,2.2029249017351025,0.6148315884043501,0.5214127455248726,0.4968072136045981,0.5839624546893477,0.943849030417518,0.9439070768697216,0.6148315884043501,0.9748787416181955,0.9749532242944469,0.5214127455248726,0.9887973191497652,0.988808311201271,0.4968072136045981,0.8800358102059087,0.8796256475588973,0.5839624546893477,0.9468235649810841
70,val,0.5742911686715872,0.5780478805303574,0.943977415561676,0.49977511912584305,0.5088866567888926,0.9586165533786486,0.9592497573236182,0.5780478805303574,0.7866400797607178,0.666803438111744,0.943977415561676,0.985981308411215,0.9866788350559249,0.49977511912584305,0.924390694239291,0.878102760966189,0.5088866567888926,0.872708697864369
71,train,2.198497688060363,0.6189355322208357,0.5189437104513864,0.494143697671204,0.5805838316235293,0.9440134321445114,0.9439234195507028,0.6189355322208357,0.9771031042344642,0.9771668788762923,0.5189437104513864,0.9896212531949501,0.9896304933868549,0.494143697671204,0.8827556779611707,0.882632909153381,0.5805838316235293,0.9483384252418078
71,val,0.5692194641932197,0.5813955247402192,0.9150250554084778,0.5036957487463951,0.4945496549439985,0.9566173530587765,0.9570012681288839,0.5813955247402192,0.8015952143569293,0.677964918446851,0.9150250554084778,0.9848130841121495,0.984708883214481,0.5036957487463951,0.9314992614475628,0.8858493352337935,0.4945496549439985,0.8763811012560023
72,train,2.191369318193005,0.613567129849796,0.5186686286189716,0.49262531308766927,0.5792863122360878,0.9447589604869094,0.9450858945483375,0.613567129849796,0.9758291720908543,0.9755893352377578,0.5186686286189716,0.9906041310762541,0.9905429309303322,0.49262531308766927,0.8818456648967095,0.8818883051030872,0.5792863122360878,0.9482766164548787
72,val,0.5730530593706213,0.5798548042774201,0.9212397933006287,0.5027283765375614,0.5058146791402683,0.9586165533786486,0.9588661881111165,0.5798548042774201,0.80259222333001,0.6816712956140635,0.9212397933006287,0.9842289719626168,0.9843534554226625,0.5027283765375614,0.9258677991137371,0.8800281596513213,0.5058146791402683,0.876229774699791
73,train,2.1868198882261516,0.6117085455812828,0.5149642534128785,0.49418733289312783,0.5777478313105869,0.9459626489503467,0.9457759684541008,0.6117085455812828,0.9782024773425574,0.9781094702117643,0.5149642534128785,0.9897738981666894,0.9897142098616276,0.49418733289312783,0.8811975628272761,0.8812043494647704,0.5777478313105869,0.9487009994980657
73,val,0.5736365966174913,0.575976388156414,0.9252648949623108,0.49973249062895775,0.5112342065156892,0.959516193522591,0.959898586157368,0.575976388156414,0.80259222333001,0.679071289039844,0.9252648949623108,0.9853971962616822,0.9857028414424189,0.49973249062895775,0.9225443131462334,0.8746550334058751,0.5112342065156892,0.8748319375113764
74,train,2.187269062321476,0.6120508905527905,0.515053245403039,0.4941243470898337,0.5781407765581945,0.9451171233802599,0.9452160763013454,0.6120508905527905,0.977760111684182,0.977575359044157,0.515053245403039,0.9899093386943999,0.9899336728344383,0.4941243470898337,0.8825710271620356,0.8822829503828951,0.5781407765581945,0.9487520146407089
74,val,0.5825679334609405,0.5738703474402428,0.9224417954683304,0.5022938251495361,0.5365471257719883,0.9606157536985206,0.9609619304078613,0.5738703474402428,0.8005982053838484,0.6744170290302864,0.9224417954683304,0.981892523364486,0.9819002524956641,0.5022938251495361,0.9121122599704579,0.8628904768350791,0.5365471257719883,0.8700424221922227
75,train,2.177775700985646,0.6106616136601781,0.5117192146352147,0.4919101606231765,0.5742080900124817,0.9459863364645602,0.9457898180826407,0.6106616136601781,0.9788237577639751,0.9787601945507599,0.5117192146352147,0.9907014587086651,0.9907429493647943,0.4919101606231765,0.8833388167444021,0.8833304030734368,0.5742080900124817,0.9496558412679079
75,val,0.5701984724272853,0.5764025926589966,0.9313837438821793,0.49831125140190125,0.5016693459000698,0.9611155537784886,0.9617193108149151,0.5764025926589966,0.7946161515453639,0.6834009953061864,0.9313837438821793,0.9836448598130841,0.9843562630015483,0.49831125140190125,0.928175775480059,0.8824496138138149,0.5016693459000698,0.8779815457341162
76,train,2.178553049085158,0.6115968665177414,0.5109674426595271,0.49335802122765676,0.5734910704657694,0.9457248213874164,0.9458132920847007,0.6115968665177414,0.9796579728252381,0.9797093951455612,0.5109674426595271,0.9902141622818088,0.9902306624779196,0.49335802122765676,0.8854310160842824,0.8855820062901184,0.5734910704657694,0.950333838999575
76,val,0.574786168401656,0.5748878628015518,0.9310180395841599,0.4972955137491226,0.5154953896999359,0.9607157137145141,0.9608602223418014,0.5748878628015518,0.7996011964107677,0.6779149598350832,0.9310180395841599,0.985981308411215,0.9861205118797911,0.4972955137491226,0.9186669128508124,0.8706915557840452,0.5154953896999359,0.8738968124601803
77,train,2.1737922706615835,0.6089597955235181,0.5101677258094546,0.4914171067124265,0.5735415665446677,0.9479289940828403,0.9481345025086654,0.6089597955235181,0.9802802182915973,0.9802283942783722,0.5101677258094546,0.9912691776693177,0.9911676476759638,0.4914171067124265,0.8841748887599149,0.8840360377500341,0.5735415665446677,0.9508916455532589
77,val,0.5687774160633916,0.5755543768405914,0.9214950352907181,0.4970614016056061,0.5001388649607814,0.9606157536985206,0.9607605498556495,0.5755543768405914,0.7946161515453639,0.6700214618521111,0.9214950352907181,0.9853971962616822,0.986040658662202,0.4970614016056061,0.9287296898079763,0.8836099559027799,0.5001388649607814,0.8751081565681856
78,train,2.166464627972312,0.6067560424579876,0.5064446872502344,0.49116452888726597,0.5711192137402281,0.9482945736434109,0.9480543735930501,0.6067560424579876,0.9815624698969271,0.9815631070235012,0.5064446872502344,0.9911930323636576,0.9911858596220154,0.49116452888726597,0.8848334239341461,0.8847047296353284,0.5711192137402281,0.9513770174684738
78,val,0.5663253208217414,0.5711831450462341,0.9259545803070068,0.49655961990356445,0.4973611159380092,0.9619152339064374,0.9622063828965973,0.5711831450462341,0.8005982053838484,0.6778369549804548,0.9259545803070068,0.9865654205607477,0.9877818306185941,0.49655961990356445,0.9291912850812407,0.8842302679433334,0.4973611159380092,0.8780138591097449
79,train,2.1575659970491756,0.6011757034965544,0.5068794083284681,0.49052360668667494,0.5660172743034126,0.9501424777560238,0.9500312151214199,0.6011757034965544,0.981527022055264,0.981576941118023,0.5068794083284681,0.9911038209185643,0.9911401042320409,0.49052360668667494,0.8895605038412042,0.8893105376718029,0.5660172743034126,0.9530146995358217
79,val,0.5661023758027864,0.5715256616473198,0.9242531359195709,0.4967838041484356,0.49667954236962075,0.9620151939224311,0.9623698823690356,0.5715256616473198,0.7976071784646062,0.6605243484339232,0.9242531359195709,0.9836448598130841,0.9849376041335657,0.4967838041484356,0.930576070901034,0.8857779017561362,0.49667954236962075,0.8734024341731652
80,train,2.153467944330968,0.6002362506561184,0.5044666722084098,0.48970819103806545,0.5656194949046554,0.9509971288895787,0.950848988284807,0.6002362506561184,0.9824347590582864,0.9824232114769458,0.5044666722084098,0.9914641007236115,0.9914942412615377,0.48970819103806545,0.8885116784356328,0.8885486900024482,0.5656194949046554,0.9533287827564347
80,val,0.5670303154898726,0.5684643387794495,0.938270166516304,0.4996011070907116,0.499915259522061,0.962514994002399,0.9627119260374118,0.5684643387794495,0.7956131605184447,0.6783223821538453,0.938270166516304,0.9830607476635514,0.9835735600922184,0.4996011070907116,0.9288220088626292,0.8844618903723358,0.499915259522061,0.8772674396639528
81,train,2.1511228976415344,0.598753391587113,0.5051487364411058,0.48975658557255275,0.5635091985573544,0.9519349130635483,0.9520612883488485,0.598753391587113,0.9823777419417513,0.9823623593050737,0.5051487364411058,0.9917844934742076,0.9917732728337572,0.48975658557255275,0.8905170568431705,0.8901282790984986,0.5635091985573544,0.9540812998965444
81,val,0.563166622882304,0.5648197889328003,0.9310244172811508,0.4973566122353077,0.4943476721297863,0.9654138344662135,0.965488464854438,0.5648197889328003,0.7926221335992024,0.6754685232730601,0.9310244172811508,0.9848130841121495,0.9851101298615894,0.4973566122353077,0.9300221565731167,0.8855776401969953,0.4943476721297863,0.8779111895465208
82,train,2.149520894877668,0.5978958563458535,0.5041956741815761,0.4900272394676066,0.5631928053816259,0.9520549269896529,0.9519355263884284,0.5978958563458535,0.982464676345802,0.9823716986721257,0.5041956741815761,0.9916051498802126,0.9915847662014267,0.4900272394676066,0.8900362179240194,0.8899600780632536,0.5631928053816259,0.9539630173313086
82,val,0.5609803753702537,0.5651779904961586,0.9348562806844711,0.49673763290047646,0.4881074179050534,0.9645141943222711,0.9648601917361943,0.5651779904961586,0.7946161515453639,0.6701112593520312,0.9348562806844711,0.9836448598130841,0.9843398403011054,0.49673763290047646,0.9341765140324964,0.8911312567189638,0.4881074179050534,0.8776106370270738
83,train,2.146842901227492,0.5988748652615559,0.5024670486710503,0.48849961376071865,0.5627853023281169,0.9519998449732578,0.9521583255825112,0.5988748652615559,0.9834844997969405,0.9834879760025371,0.5024670486710503,0.992725085843987,0.9926550481010669,0.48849961376071865,0.8900846996658637,0.8900421809765695,0.5627853023281169,0.9545858826656711
83,val,0.5695773742121198,0.5690712198615074,0.9246902614831924,0.49802977219223976,0.5079858510993248,0.9631147540983607,0.9635693606958046,0.5690712198615074,0.7956131605184447,0.6636501761106863,0.9246902614831924,0.9853971962616822,0.9859368563557438,0.49802977219223976,0.9223596750369276,0.8761384051461207,0.5079858510993248,0.8723236995770889
84,train,2.1434911987917595,0.5969906981766372,0.5042062783359594,0.48783397763301956,0.5595210656782533,0.9523577267495171,0.9524000914081596,0.5969906981766372,0.9825482296428295,0.9826653892211469,0.5042062783359594,0.9926036362228203,0.9925968162577703,0.48783397763301956,0.8922090958227163,0.8920226629400256,0.5595210656782533,0.9549212399567755
84,val,0.5662252235671749,0.5633283704519272,0.9209520071744919,0.49573975056409836,0.5052985244019087,0.9661135545781687,0.9663900752249357,0.5633283704519272,0.8055832502492523,0.6773446755768406,0.9209520071744919,0.9842289719626168,0.9847067212008687,0.49573975056409836,0.9248522895125554,0.8794554841708065,0.5052985244019087,0.8769742390433629
85,train,2.139729280921425,0.5954002329788493,0.5015057008482386,0.4880794284879126,0.5591561102098034,0.9535405939060746,0.9534368288087468,0.5954002329788493,0.983722466104658,0.9836077000119864,0.5015057008482386,0.9926717970532504,0.992701037868306,0.4880794284879126,0.8922840825206885,0.8921198289548717,0.5591561102098034,0.9554663489109778
85,val,0.5610199787694475,0.5642205119132996,0.9199969619512558,0.4979054518043995,0.4904930556929389,0.9644142343062775,0.9646231533535511,0.5642205119132996,0.8035892323030908,0.6854491659092451,0.9199969619512558,0.9836448598130841,0.9848096416017296,0.4979054518043995,0.9340841949778435,0.8907340104548398,0.4904930556929389,0.8814039928298414
86,train,2.1366744001509237,0.5949749647461747,0.5007105071476612,0.4876462803141355,0.5572881570303114,0.9541432175431788,0.9541585438142381,0.5949749647461747,0.9841624129029753,0.9841167436367293,0.5007105071476612,0.992740227228962,0.992727605307878,0.4876462803141355,0.8925866064300041,0.8923985200383436,0.5572881570303114,0.9558503531992972
86,val,0.5611276947285818,0.5636679902672768,0.9311923086643219,0.494144756346941,0.4910444069740384,0.9666133546581367,0.9669537254943099,0.5636679902672768,0.80259222333001,0.6864856108020932,0.9311923086643219,0.985981308411215,0.9868913979385783,0.494144756346941,0.9327917282127031,0.888999775697161,0.4910444069740384,0.8823326274830356
87,train,2.1361343053079422,0.5961685795198304,0.49956667408458055,0.4874950719826275,0.5569640710838971,0.9519925605905031,0.9518616736796753,0.5961685795198304,0.9848130841121495,0.9848030088176901,0.49956667408458055,0.9926603366924914,0.992668311052771,0.4874950719826275,0.8926684407420263,0.8926669928510865,0.5569640710838971,0.9554999966003057
87,val,0.559338167309761,0.5615982308983802,0.9321770668029785,0.4976875074207783,0.4873575187006662,0.9672131147540983,0.967536048276041,0.5615982308983802,0.7946161515453639,0.6761638474228359,0.9321770668029785,0.985981308411215,0.9860184755538943,0.4976875074207783,0.9344534711964549,0.8912140436318151,0.4873575187006662,0.8802331037211466
88,train,2.139820370277755,0.5958789010201732,0.5006099605087015,0.4880357183904269,0.5600403410847075,0.9526408145162846,0.9525548889165285,0.5958789010201732,0.984240853894346,0.9841388968166508,0.5006099605087015,0.9926394703534223,0.992644151956271,0.4880357183904269,0.8918997782360035,0.8921165143749016,0.5600403410847075,0.955363613016088
88,val,0.5603932955342791,0.5618814617395401,0.9191038459539413,0.4951563626527786,0.49179057395735454,0.965813674530188,0.9661787281786273,0.5618814617395401,0.810568295114656,0.6853040600789042,0.9191038459539413,0.985981308411215,0.9872628066320581,0.4951563626527786,0.9324224519940916,0.8890308578880728,0.49179057395735454,0.8819441131944155
89,train,2.137081171087828,0.5934444471417231,0.5007129892448042,0.4886709822170788,0.5582086685351639,0.9540562993875461,0.9543563327261965,0.5934444471417231,0.983751530582496,0.983744221435008,0.5007129892448042,0.9923320326907771,0.992323993271965,0.4886709822170788,0.8934570747679849,0.8931029342333212,0.5582086685351639,0.9558818704166226
89,val,0.5611565368978874,0.5619652688503265,0.920909196138382,0.49526727199554443,0.4935406661310861,0.9680127948820472,0.9683838979087758,0.5619652688503265,0.7976071784646062,0.6796177252763898,0.920909196138382,0.9853971962616822,0.9866739259229927,0.49526727199554443,0.9327917282127031,0.8903293893328654,0.4935406661310861,0.8812512346102559
90,train,2.1390268091232545,0.5965428457366622,0.500207281622934,0.48716730533847147,0.5600089797606835,0.9535489388167613,0.953617623990232,0.5965428457366622,0.9839529494245263,0.983780138157008,0.500207281622934,0.9923761363417035,0.992402046991927,0.48716730533847147,0.8915977109272292,0.8915966367163491,0.5600089797606835,0.9553491114638791
90,val,0.5627300068736076,0.5635005697607994,0.9162383526563644,0.49547435343265533,0.4967307157294695,0.9662135145941624,0.966607385941689,0.5635005697607994,0.8035892323030908,0.6801032449869716,0.9162383526563644,0.9853971962616822,0.9862383794438836,0.49547435343265533,0.9311299852289513,0.8876989516484975,0.4967307157294695,0.8801619905052604
91,train,2.1296821442194673,0.5916820295691194,0.4987706056895386,0.4884972086467459,0.5532427010110235,0.9554858812827808,0.9554249053433969,0.5916820295691194,0.9850954820680019,0.9850413518940202,0.4987706056895386,0.9917242177553146,0.9917214217582212,0.4884972086467459,0.8958694762285335,0.8955702855485584,0.5532427010110235,0.9569394911360491
91,val,0.5608831919405771,0.5613644182682037,0.9179687649011612,0.4943336844444275,0.49391825323881106,0.9672131147540983,0.9676708132311624,0.5613644182682037,0.806580259222333,0.6826997402226204,0.9179687649011612,0.985981308411215,0.9874603292642391,0.4943336844444275,0.9331610044313147,0.8906841613714896,0.49391825323881106,0.8821287610223779
92,train,2.1292573790396414,0.59317688370313,0.49879319962141827,0.4860612258647867,0.5542364277629639,0.9539518235464836,0.9537306944432858,0.59317688370313,0.9851421440549077,0.9851831398564578,0.49879319962141827,0.9933747814260735,0.9933760652432486,0.4860612258647867,0.8948068214664225,0.8944143574411969,0.5542364277629639,0.9566760642460472
92,val,0.5589887596990751,0.5607568547129631,0.91952845454216,0.4954806827008724,0.4891032306260841,0.9671131547381048,0.9675816769242717,0.5607568547129631,0.8035892323030908,0.6813929540850181,0.91952845454216,0.9853971962616822,0.9867586541302952,0.4954806827008724,0.9358382570162481,0.8942318397384365,0.4891032306260841,0.8824912812195054
93,train,2.1295213532211172,0.5912767068180198,0.4979708632523605,0.48697131816713746,0.5562094973201491,0.9553229364188692,0.9552942577640589,0.5912767068180198,0.9847882957077803,0.9847209092597135,0.4979708632523605,0.9928284678645204,0.9928592607024935,0.48697131816713746,0.8929544795592925,0.8927839490851293,0.5562094973201491,0.9564145942028488
93,val,0.559522765810075,0.5612454071640969,0.917622834444046,0.4952350743114948,0.4903239961280379,0.9671131547381048,0.9675074179999079,0.5612454071640969,0.8055832502492523,0.6833147017908423,0.917622834444046,0.9842289719626168,0.9852078347313222,0.4952350743114948,0.9350997045790251,0.8933785387236545,0.4903239961280379,0.8823521233114318
94,train,2.1302610867964127,0.5927072939446782,0.4983391091042654,0.4877648614254542,0.5543911625300685,0.9548744892002335,0.9547678396528156,0.5927072939446782,0.9844126564565031,0.984344769065217,0.4983391091042654,0.992233234799745,0.9922044050721353,0.4877648614254542,0.8943461873006668,0.8942050069188501,0.5543911625300685,0.9563805051772545
94,val,0.560335840543975,0.5609499305486679,0.9196565300226212,0.4958157613873482,0.49239486317301906,0.9661135545781687,0.9666051501344349,0.5609499305486679,0.8095712861415753,0.6852115966939609,0.9196565300226212,0.9836448598130841,0.9840994089314238,0.4958157613873482,0.9344534711964549,0.892530848624114,0.49239486317301906,0.8821117510959834
95,train,2.129751160038316,0.5923872206258419,0.49752783024725195,0.4870545442583543,0.5558292399491033,0.9544876978167957,0.954396451010485,0.5923872206258419,0.9853818907653471,0.9853244704296813,0.49752783024725195,0.9928337626619667,0.9928684449361072,0.4870545442583543,0.8932097092640625,0.893234107865423,0.5558292399491033,0.9564558685604241
95,val,0.5585094534832499,0.5609312430024147,0.9201718121767044,0.4954528287053108,0.4876652124316193,0.9668132746901239,0.9672244328093738,0.5609312430024147,0.8055832502492523,0.6833720463694897,0.9201718121767044,0.9842289719626168,0.9847632449674444,0.4954528287053108,0.9370384047267356,0.8957142717908516,0.4876652124316193,0.8827684989842898
96,train,2.126964294289241,0.5905159957725417,0.49820264826341537,0.4881204982697224,0.5522159646743581,0.955120917236728,0.9548884697820006,0.5905159957725417,0.9852696694374637,0.9852269601741678,0.49820264826341537,0.9923357450708895,0.9923401902229563,0.4881204982697224,0.8960998561262978,0.896019570502937,0.5522159646743581,0.9571187976705156
96,val,0.559292492011319,0.5615130990743638,0.9207014888525009,0.4957750700414181,0.4890729154265204,0.9668132746901239,0.9673169874468694,0.5615130990743638,0.8075772681954138,0.6836648570182319,0.9207014888525009,0.9836448598130841,0.9847895514560838,0.4957750700414181,0.9355612998522895,0.8938032423943125,0.4890729154265204,0.8823936595788744
97,train,2.1264474554629835,0.5880231804794472,0.49804070839663,0.48738738129067954,0.5550651845358145,0.9566587557872622,0.9565706973041296,0.5880231804794472,0.9851650485436894,0.98514031339191,0.49804070839663,0.9929621036349575,0.9929456634620354,0.48738738129067954,0.8949139431444595,0.8948224034622936,0.5550651845358145,0.9573697694050922
97,val,0.5589287948349247,0.5607986271381378,0.9177446067333221,0.495595782995224,0.4891049709430961,0.9674130347860855,0.9678173798614897,0.5607986271381378,0.8055832502492523,0.6834502411883892,0.9177446067333221,0.9853971962616822,0.9861957205177123,0.495595782995224,0.9363921713441654,0.8952321273732511,0.4891049709430961,0.8831738672352106
98,train,2.129002431634046,0.5963687047399303,0.49659247814721563,0.4866123618026525,0.5526330726170362,0.9520083665801604,0.9521130993237753,0.5963687047399303,0.9859909193216656,0.9859950018045807,0.49659247814721563,0.9928570045877776,0.9928542408137382,0.4866123618026525,0.895058732161926,0.8949412271917921,0.5526330726170362,0.9564758922834716
98,val,0.5597554782162542,0.5611725926399231,0.9187932908535004,0.4955958388745785,0.49083067996557367,0.9670131947221111,0.967450533949151,0.5611725926399231,0.8045862412761715,0.6830000126946008,0.9187932908535004,0.9836448598130841,0.984963190505302,0.4955958388745785,0.9356536189069424,0.8940492627213009,0.49083067996557367,0.8823657499675887
99,train,2.123395464556389,0.5865488422124024,0.4970206325462379,0.4868468017347397,0.5545217362290281,0.9574269732753263,0.957197941573231,0.5865488422124024,0.9859094873534258,0.9858939703655512,0.4970206325462379,0.9927789424644771,0.9928040228933606,0.4868468017347397,0.8926300326652106,0.8926680040349645,0.5545217362290281,0.9571409847167768
99,val,0.5593942594916924,0.5607381835579872,0.9193545430898666,0.4951545037329197,0.4903201259845911,0.9674130347860855,0.9678925397966055,0.5607381835579872,0.806580259222333,0.6829402587798279,0.9193545430898666,0.9848130841121495,0.9857609036959118,0.4951545037329197,0.9358382570162481,0.8941104657278807,0.4903201259845911,0.8826760420000564
